id,fuel,comm,shop,food,cafe
1,1,0,0,0,0
2,0,1,0,0,1
3,1,0,1,1,1
4,0,0,0,1,0
5,0,0,0,1,0
6,1,0,0,0,0
7,0,1,0,0,1
8,1,0,0,0,1
9,0,1,1,0,0
10,1,0,0,0,0
11,1,1,1,0,1
12,1,0,0,1,1
13,0,1,1,0,1
14,1,0,1,1,0
15,1,1,1,0,0
16,0,1,1,0,1
17,0,1,0,1,0
18,1,0,1,0,1
19,0,1,0,1,1
20,0,0,1,0,0
21,1,0,0,0,0
22,0,1,1,1,0
23,1,0,0,0,1
24,0,0,0,0,1
25,0,1,0,1,0
26,1,0,0,1,1
27,0,1,1,0,1
28,1,1,0,1,1
29,1,0,1,1,1
30,1,0,0,1,1
31,1,1,1,1,0
32,0,1,0,0,0
33,0,0,0,1,0
34,0,0,0,0,1
35,0,0,0,1,1
36,1,1,1,0,0
37,1,0,0,1,0
38,1,0,0,1,0
39,1,1,0,0,1
40,1,1,1,1,0
41,0,0,1,1,0
42,1,0,1,1,1
43,0,0,0,0,0
44,1,1,1,0,1
45,0,1,1,1,0
46,1,0,0,0,0
47,1,1,0,0,1
48,0,0,0,0,0
49,0,1,1,1,0
50,1,0,1,0,0
51,0,0,1,0,0
52,0,0,1,0,1
53,0,0,1,0,1
54,0,0,1,1,0
55,0,0,1,0,0
56,0,1,0,0,0
57,0,1,1,1,1
58,0,1,0,1,0
59,0,0,1,0,1
60,1,0,1,1,1
61,0,0,1,0,1
62,1,1,0,1,0
63,0,0,0,1,1
64,1,1,0,0,0
65,0,0,0,1,0
66,0,0,1,1,0
67,0,1,1,0,1
68,0,0,0,1,0
69,1,0,1,1,1
70,0,0,1,0,1
71,1,0,0,1,0
72,0,1,0,0,0
73,1,0,1,0,1
74,1,1,0,1,0
75,0,1,0,1,1
76,1,1,0,1,0
77,1,0,1,1,0
78,0,1,0,0,1
79,1,1,1,1,1
80,1,1,1,0,1
81,0,0,0,1,1
82,1,0,1,1,0
83,1,1,0,1,0
84,1,0,1,1,1
85,1,1,1,1,1
86,0,1,0,0,0
87,1,1,1,0,1
88,1,0,0,0,1
89,0,0,0,0,1
90,1,0,0,1,0
91,0,1,1,0,0
92,1,0,0,0,0
93,1,0,1,1,1
94,0,0,0,1,0
95,1,1,0,0,1
96,1,1,0,0,0
97,0,0,0,0,1
98,0,0,1,1,1
99,1,1,0,1,0
100,1,0,1,1,0
101,0,1,1,1,0
102,0,0,0,0,1
103,0,0,1,0,0
104,1,1,0,1,1
105,1,0,0,0,0
106,1,0,1,0,0
107,0,0,1,0,1
108,0,1,1,1,0
109,0,0,1,0,1
110,1,1,1,0,0
111,1,0,0,0,0
112,1,0,1,1,1
113,1,1,1,0,1
114,1,1,1,0,0
115,0,0,1,1,0
116,1,0,1,1,0
117,0,1,0,0,1
118,1,1,1,0,1
119,0,0,1,0,1
120,0,1,0,0,0
121,0,0,0,0,0
122,0,1,0,1,1
123,1,1,1,0,1
124,0,0,0,0,0
125,1,0,0,0,0
126,1,1,0,1,1
127,0,0,0,1,0
128,0,1,0,0,1
129,0,1,0,1,0
130,0,0,0,0,1
131,1,1,1,0,1
132,0,0,1,0,0
133,0,1,1,0,1
134,1,1,1,1,0
135,0,1,1,1,0
136,1,1,0,1,0
137,0,1,1,0,0
138,0,1,0,0,0
139,0,0,0,1,0
140,1,0,1,0,0
141,1,0,0,0,1
142,0,0,1,1,0
143,0,0,1,0,1
144,1,0,0,0,1
145,1,0,1,0,0
146,0,1,0,0,1
147,1,1,0,1,1
148,1,0,1,0,1
149,1,0,0,0,1
150,1,1,1,1,0
151,0,0,0,0,0
152,1,1,0,0,1
153,0,0,0,0,1
154,1,0,0,1,1
155,1,1,1,1,0
156,0,1,0,1,1
157,0,0,0,0,1
158,0,1,0,0,0
159,0,1,1,1,0
160,1,0,1,0,0
161,0,0,1,0,0
162,0,1,0,1,1
163,1,0,1,0,0
164,0,1,0,0,1
165,0,0,0,1,1
166,1,1,0,1,0
167,1,0,0,1,1
168,1,1,0,0,1
169,1,0,1,0,0
170,1,1,1,0,0
171,1,1,1,1,1
172,1,1,1,0,0
173,0,0,1,1,0
174,1,1,1,0,0
175,0,0,0,0,0
176,1,0,1,0,1
177,0,1,1,0,1
178,1,1,1,1,0
179,0,0,1,1,0
180,0,0,1,0,0
181,1,1,1,1,0
182,1,1,1,1,1
183,1,0,0,1,1
184,0,1,0,1,1
185,1,0,0,0,0
186,1,1,0,0,0
187,0,0,1,0,1
188,0,1,1,1,1
189,1,0,0,1,0
190,0,0,0,1,1
191,0,0,0,1,1
192,0,1,0,1,0
193,1,0,0,0,0
194,0,0,0,0,1
195,0,1,1,0,0
196,0,1,1,0,1
197,0,0,0,0,0
198,0,0,1,1,0
199,1,0,0,0,1
200,0,1,1,1,1
201,0,1,1,0,0
202,0,0,1,1,0
203,0,1,0,1,0
204,0,0,0,1,0
205,1,0,0,0,1
206,1,0,1,1,1
207,1,1,1,0,1
208,0,0,0,1,0
209,0,1,0,0,0
210,1,0,0,1,1
211,0,0,1,1,1
212,0,1,0,1,1
213,1,0,1,0,0
214,0,0,0,0,1
215,1,1,1,0,0
216,1,0,0,0,0
217,0,1,1,1,0
218,0,0,0,1,0
219,1,1,1,1,1
220,1,0,0,0,0
221,0,0,1,0,1
222,0,0,1,1,1
223,1,1,1,1,1
224,0,1,0,0,1
225,0,0,0,0,1
226,1,1,0,0,0
227,1,1,0,0,1
228,0,1,1,1,1
229,0,0,1,0,1
230,1,0,0,1,0
231,1,1,1,0,1
232,0,0,1,0,0
233,0,1,1,0,1
234,0,0,0,0,0
235,1,0,1,1,0
236,0,0,1,0,1
237,1,0,1,1,0
238,0,0,0,0,0
239,0,0,1,1,1
240,0,0,1,1,0
241,1,0,1,0,1
242,0,0,1,0,0
243,0,0,1,1,1
244,1,0,0,1,1
245,0,0,0,0,1
246,0,0,1,1,1
247,1,1,1,0,0
248,0,1,1,0,0
249,1,0,1,1,1
250,0,0,1,0,1
251,0,1,0,1,0
252,1,0,0,1,1
253,0,1,0,0,1
254,1,0,1,0,1
255,0,1,0,1,0
256,1,0,0,1,0
257,0,0,1,1,0
258,1,0,0,1,1
259,0,0,0,0,0
260,1,0,1,0,1
261,1,1,0,0,1
262,0,0,1,1,1
263,1,1,0,1,1
264,1,1,1,1,0
265,1,1,1,0,1
266,0,0,1,1,1
267,0,1,1,1,0
268,1,0,0,1,0
269,0,0,1,0,0
270,0,0,0,1,0
271,0,1,1,0,0
272,1,1,0,0,1
273,1,1,0,1,0
274,0,0,0,1,0
275,0,0,0,0,1
276,1,1,1,1,0
277,1,0,0,1,0
278,0,0,0,1,1
279,1,0,0,1,0
280,1,1,1,0,1
281,1,0,0,1,1
282,1,0,1,0,0
283,1,1,1,1,1
284,1,1,1,1,1
285,1,0,1,1,0
286,1,1,0,1,0
287,0,0,1,0,0
288,1,1,0,0,0
289,0,1,1,1,0
290,0,0,0,1,0
291,1,0,0,1,0
292,0,0,0,0,0
293,0,0,0,1,0
294,1,0,0,0,1
295,0,1,0,0,1
296,1,1,0,1,1
297,1,0,1,0,0
298,0,1,0,1,0
299,0,1,0,1,1
300,1,0,1,0,1
301,0,1,0,1,0
302,0,0,0,0,0
303,1,1,1,1,0
304,1,1,1,1,1
305,0,0,1,1,1
306,1,0,0,1,0
307,1,1,1,0,0
308,0,1,0,0,1
309,0,0,1,0,1
310,1,1,1,1,1
311,1,1,0,0,0
312,1,0,1,0,1
313,1,1,1,1,1
314,0,0,1,0,0
315,0,1,0,0,1
316,1,1,1,1,0
317,1,1,0,1,1
318,0,0,1,1,0
319,0,0,1,0,0
320,0,0,0,0,0
321,1,1,0,0,1
322,0,1,1,0,1
323,0,0,0,0,1
324,0,0,0,1,1
325,0,0,0,1,0
326,0,0,1,0,0
327,0,1,0,0,0
328,0,0,0,1,1
329,0,0,1,1,0
330,1,0,1,1,0
331,0,0,0,1,0
332,1,0,1,1,0
333,1,0,0,0,0
334,1,0,1,0,0
335,0,0,0,0,0
336,1,0,0,0,1
337,0,0,1,1,0
338,0,1,0,0,1
339,1,0,1,0,1
340,1,1,0,0,0
341,1,1,1,1,0
342,1,0,1,1,1
343,0,1,1,1,0
344,0,1,0,1,0
345,1,1,0,0,0
346,0,1,1,1,0
347,0,0,1,1,0
348,1,0,0,1,0
349,0,1,0,1,1
350,1,0,0,0,0
351,0,1,1,1,1
352,0,0,0,1,0
353,1,1,1,0,1
354,1,1,0,1,1
355,0,0,0,1,1
356,1,0,1,0,1
357,1,1,1,1,0
358,0,0,1,0,1
359,1,0,0,1,0
360,0,1,0,1,1
361,1,1,1,0,1
362,1,1,1,0,0
363,1,1,1,1,0
364,0,0,0,1,1
365,0,0,1,0,1
366,1,0,1,0,1
367,1,1,1,1,0
368,0,1,0,1,1
369,0,1,0,0,1
370,1,1,1,1,1
371,0,1,0,1,1
372,0,0,1,1,0
373,1,1,1,1,1
374,1,0,0,1,1
375,1,1,1,0,0
376,0,1,0,1,0
377,1,1,0,1,1
378,1,1,1,0,0
379,0,1,1,0,1
380,1,0,1,0,0
381,1,1,1,1,0
382,0,0,0,1,1
383,0,0,1,1,0
384,0,1,1,1,0
385,0,0,0,1,1
386,1,0,0,0,0
387,0,0,1,0,0
388,1,1,1,0,0
389,1,0,1,1,1
390,0,1,0,0,0
391,0,0,1,0,1
392,1,0,1,1,0
393,0,1,0,1,1
394,1,1,0,0,1
395,0,0,0,1,1
396,1,0,1,0,0
397,0,1,0,0,1
398,0,1,1,0,1
399,0,0,0,1,0
400,0,1,1,0,1
401,1,0,1,0,0
402,1,1,0,1,0
403,0,0,1,1,0
404,0,0,0,0,1
405,0,1,1,1,1
406,1,0,1,0,0
407,1,1,0,0,0
408,0,1,1,0,1
409,0,0,1,0,1
410,0,1,1,1,1
411,1,0,1,1,0
412,0,0,0,1,0
413,1,0,0,1,0
414,0,1,1,1,0
415,1,1,0,1,0
416,1,0,0,1,0
417,1,1,1,1,1
418,0,0,0,0,1
419,0,1,1,1,0
420,0,1,1,1,0
421,1,0,0,0,1
422,0,1,0,1,0
423,1,1,0,1,1
424,1,1,1,0,0
425,0,1,1,1,1
426,1,1,1,0,1
427,0,0,1,1,1
428,0,1,1,1,1
429,1,1,0,0,1
430,1,1,1,0,0
431,0,0,1,0,1
432,1,1,0,1,0
433,1,0,1,1,0
434,0,1,0,0,0
435,1,1,1,0,1
436,1,0,1,1,1
437,0,1,1,1,0
438,0,1,0,1,1
439,1,0,1,1,0
440,0,1,1,1,0
441,1,0,0,1,1
442,0,0,0,0,0
443,1,1,0,1,0
444,0,1,1,1,0
445,1,1,1,0,0
446,1,1,1,0,1
447,1,0,0,0,1
448,0,1,0,1,0
449,1,1,0,0,0
450,0,0,1,1,0
451,0,1,1,0,1
452,1,1,0,1,0
453,0,1,1,0,0
454,0,0,0,1,1
455,1,1,0,0,1
456,0,1,0,1,1
457,0,0,1,1,0
458,0,1,0,0,1
459,1,0,1,1,0
460,1,1,0,0,1
461,0,1,0,1,0
462,0,1,0,0,1
463,1,0,0,0,1
464,0,1,0,1,1
465,1,1,0,1,1
466,1,0,0,1,1
467,1,1,1,1,1
468,1,0,1,0,0
469,1,0,0,0,1
470,1,1,0,1,0
471,0,1,0,0,1
472,1,0,0,0,0
473,0,1,1,0,1
474,0,1,1,1,0
475,1,0,0,0,1
476,1,0,0,1,0
477,0,1,0,0,1
478,0,0,0,1,0
479,0,1,1,1,0
480,1,1,1,1,0
481,1,0,1,1,1
482,0,1,1,0,0
483,0,0,0,1,1
484,0,0,0,1,1
485,0,1,0,0,0
486,1,0,1,0,0
487,0,0,1,0,1
488,0,1,0,1,1
489,0,0,0,0,0
490,1,0,1,0,1
491,0,1,1,1,1
492,0,0,0,1,0
493,1,1,1,0,0
494,1,0,0,0,0
495,0,0,0,1,1
496,1,0,0,0,1
497,1,1,0,0,1
498,0,1,0,1,1
499,0,1,1,0,1
500,0,1,0,1,0
501,0,1,1,1,1
502,0,1,0,1,1
503,1,1,0,1,0
504,0,0,1,1,1
505,1,0,0,1,0
506,1,0,1,0,1
507,1,1,1,1,1
508,0,1,0,0,1
509,1,1,0,0,1
510,1,0,0,0,0
511,0,0,1,0,0
512,0,1,1,1,0
513,0,1,1,1,1
514,1,0,1,0,1
515,1,0,1,1,1
516,0,1,0,0,0
517,1,0,1,0,1
518,1,0,0,0,0
519,1,1,1,0,1
520,1,1,1,0,1
521,1,0,1,1,1
522,0,1,0,1,0
523,0,1,0,0,1
524,1,0,0,1,0
525,0,1,1,1,1
526,0,1,0,0,1
527,0,0,0,0,1
528,1,1,0,1,0
529,1,0,1,1,1
530,1,1,0,0,1
531,0,1,0,0,0
532,0,0,0,0,1
533,1,0,0,0,1
534,1,0,0,1,0
535,0,1,0,0,0
536,1,1,1,0,0
537,0,1,1,1,0
538,0,0,1,0,0
539,0,1,0,1,0
540,1,0,1,1,1
541,1,1,0,1,1
542,0,1,0,1,1
543,0,1,1,0,0
544,0,1,1,1,0
545,1,1,1,1,1
546,1,1,0,0,1
547,0,0,1,1,0
548,1,0,1,0,0
549,1,0,1,0,1
550,0,0,0,1,1
551,1,1,0,1,1
552,0,0,1,1,1
553,1,0,0,1,1
554,0,1,0,1,0
555,0,1,0,1,0
556,1,0,1,1,0
557,1,1,0,0,1
558,0,1,0,0,1
559,0,1,1,0,1
560,1,0,0,1,1
561,1,1,0,0,1
562,1,1,1,0,0
563,0,1,1,1,1
564,0,1,1,1,0
565,1,0,1,0,0
566,1,0,0,1,0
567,0,1,1,1,0
568,0,1,1,0,0
569,1,1,1,1,1
570,1,0,0,1,0
571,1,0,0,1,0
572,0,1,1,0,1
573,0,0,1,0,1
574,0,0,0,0,1
575,1,1,1,0,0
576,1,1,1,0,0
577,0,1,0,1,0
578,0,1,0,1,1
579,1,0,1,0,0
580,1,1,1,1,0
581,1,0,1,0,1
582,1,1,1,0,0
583,0,1,0,1,0
584,1,0,0,1,1
585,1,0,1,0,0
586,0,1,1,0,0
587,0,0,1,0,0
588,0,0,1,1,0
589,1,1,0,1,1
590,1,0,1,0,1
591,1,1,0,0,0
592,1,0,0,1,0
593,0,0,1,0,1
594,0,0,1,1,0
595,1,0,1,0,1
596,1,1,0,0,1
597,0,1,0,0,0
598,1,1,0,0,1
599,1,1,0,0,1
600,1,0,0,1,1
601,0,1,1,0,0
602,0,0,0,0,0
603,0,0,0,1,1
604,0,0,1,0,1
605,1,0,0,1,1
606,0,0,0,1,1
607,1,1,1,1,1
608,1,1,1,0,1
609,0,1,1,0,1
610,0,1,0,1,0
611,1,0,1,0,0
612,1,0,0,1,1
613,1,0,0,0,1
614,0,1,0,1,0
615,0,0,1,0,0
616,0,0,0,1,0
617,0,0,0,1,1
618,1,1,0,1,1
619,1,1,1,0,0
620,0,1,0,0,1
621,1,0,0,1,1
622,0,0,1,1,1
623,1,1,0,0,0
624,1,1,0,1,1
625,1,1,1,1,1
626,0,0,1,0,0
627,0,1,0,1,1
628,0,1,0,1,0
629,0,1,0,1,1
630,1,1,1,0,1
631,1,0,0,0,1
632,0,1,1,1,1
633,0,1,1,0,0
634,0,0,0,1,0
635,1,1,1,0,0
636,0,0,0,1,0
637,1,0,0,1,1
638,0,1,0,0,1
639,1,0,1,0,0
640,0,1,0,1,1
641,1,0,1,1,0
642,0,0,1,1,1
643,0,1,0,0,1
644,0,1,0,0,1
645,1,0,0,0,1
646,1,1,0,0,1
647,0,1,1,1,0
648,0,0,0,1,1
649,1,0,1,0,0
650,1,0,1,0,1
651,0,0,0,0,1
652,0,1,1,0,1
653,1,0,0,0,0
654,1,1,1,0,1
655,0,1,1,1,0
656,0,0,0,0,0
657,0,0,0,0,0
658,1,1,1,1,1
659,0,0,0,0,1
660,0,0,0,1,0
661,0,0,1,0,1
662,1,0,0,0,0
663,0,0,0,1,0
664,1,0,1,1,0
665,0,1,1,0,1
666,1,0,1,1,0
667,1,1,1,1,0
668,0,0,0,0,1
669,1,1,0,0,1
670,0,1,1,1,0
671,0,0,0,1,0
672,1,1,1,0,0
673,1,1,0,0,0
674,1,1,1,1,0
675,1,1,1,0,0
676,1,1,1,0,1
677,1,1,0,0,0
678,1,1,0,0,0
679,0,0,1,0,1
680,0,1,0,0,0
681,1,0,0,0,1
682,1,0,0,1,0
683,1,1,0,1,1
684,1,0,1,0,1
685,0,0,0,1,1
686,0,1,0,1,0
687,1,0,0,1,1
688,0,1,0,1,0
689,1,1,1,0,0
690,1,0,1,1,0
691,0,0,1,1,1
692,1,1,1,0,0
693,1,1,1,0,0
694,1,0,1,0,0
695,0,0,1,1,1
696,0,1,0,1,0
697,1,0,0,0,1
698,0,1,1,1,1
699,1,1,0,1,1
700,1,1,0,0,0
701,1,1,0,1,0
702,0,0,1,0,0
703,1,1,1,1,1
704,1,1,1,0,1
705,0,1,0,0,1
706,0,1,1,0,1
707,1,1,1,0,1
708,0,0,0,0,0
709,1,0,1,1,0
710,0,0,1,0,1
711,1,0,1,1,0
712,1,1,1,1,1
713,1,1,0,1,0
714,0,1,0,0,0
715,0,1,1,1,1
716,1,1,0,0,0
717,1,0,1,0,1
718,0,1,0,0,1
719,1,0,1,0,0
720,1,1,0,0,0
721,1,0,1,0,1
722,0,0,0,0,0
723,0,0,1,0,0
724,0,0,1,1,1
725,0,1,0,0,1
726,1,0,0,0,0
727,1,0,1,1,1
728,0,0,1,0,0
729,1,1,1,0,0
730,0,0,1,1,0
731,0,0,1,1,1
732,0,0,0,1,1
733,1,0,0,0,0
734,1,0,1,0,1
735,1,1,0,1,0
736,0,1,0,1,0
737,0,1,1,1,1
738,0,1,1,1,0
739,1,1,0,0,0
740,0,0,0,0,0
741,0,0,1,0,1
742,1,1,1,0,0
743,0,1,1,0,0
744,1,1,1,1,1
745,1,1,0,1,0
746,1,0,1,0,1
747,1,0,0,1,0
748,0,0,0,0,1
749,0,0,0,1,1
750,0,0,0,0,0
751,0,0,1,1,1
752,1,0,0,0,1
753,0,0,1,1,1
754,0,1,1,0,1
755,1,0,1,0,1
756,1,0,1,1,1
757,0,0,1,1,0
758,1,1,1,0,1
759,1,0,0,1,1
760,0,0,1,0,0
761,0,0,1,0,0
762,1,0,0,0,0
763,1,1,0,1,0
764,1,0,1,1,1
765,0,1,1,1,1
766,1,1,0,1,0
767,1,0,1,0,0
768,1,0,0,1,1
769,0,0,1,1,1
770,1,1,1,1,0
771,0,0,1,0,0
772,0,1,1,0,1
773,0,0,1,0,1
774,0,0,0,1,0
775,0,0,0,0,1
776,1,0,1,1,0
777,1,0,1,1,0
778,0,1,1,1,0
779,1,1,0,0,0
780,0,0,1,0,1
781,0,0,1,1,0
782,1,1,1,0,0
783,1,0,1,1,1
784,1,0,0,1,1
785,0,1,0,1,1
786,1,1,1,1,1
787,0,0,1,1,1
788,1,1,1,0,0
789,1,0,1,0,0
790,0,0,1,0,1
791,1,1,0,0,1
792,1,1,1,0,0
793,0,1,0,0,0
794,1,0,0,0,0
795,1,0,1,1,0
796,1,0,1,1,1
797,1,0,0,1,1
798,0,0,1,0,0
799,0,0,0,0,0
800,1,1,0,1,0
801,0,0,0,1,0
802,1,1,0,1,0
803,1,0,1,0,0
804,0,1,1,0,1
805,0,0,0,0,0
806,0,1,1,0,1
807,1,0,1,0,0
808,0,1,1,1,0
809,1,1,0,1,0
810,1,0,0,0,1
811,1,1,1,1,1
812,1,0,0,1,1
813,1,1,1,1,0
814,1,0,0,1,1
815,1,0,0,1,0
816,1,0,1,1,1
817,1,1,0,1,0
818,1,0,1,0,1
819,1,0,1,1,1
820,1,1,0,1,0
821,0,0,1,1,0
822,1,1,1,1,0
823,0,1,1,1,1
824,0,0,0,0,1
825,1,1,0,0,0
826,0,0,1,0,1
827,1,1,1,0,1
828,1,1,1,1,1
829,1,1,1,0,1
830,1,0,1,1,1
831,0,1,0,1,1
832,0,0,0,1,1
833,0,1,1,0,0
834,1,1,0,1,0
835,0,1,0,1,0
836,1,0,0,1,1
837,0,1,0,1,1
838,0,0,0,1,1
839,0,1,0,1,1
840,1,0,0,1,1
841,1,1,0,1,0
842,0,1,0,0,0
843,0,1,1,0,0
844,0,1,0,0,0
845,1,0,0,0,0
846,0,1,1,0,0
847,0,1,1,0,1
848,0,0,1,0,0
849,0,1,0,0,0
850,0,0,1,1,0
851,1,1,1,0,1
852,1,0,0,1,0
853,0,0,1,0,0
854,0,1,1,1,0
855,0,0,1,1,1
856,0,0,1,1,0
857,1,0,1,1,0
858,1,0,0,1,1
859,0,0,0,0,1
860,0,1,0,0,1
861,0,1,0,1,1
862,0,0,0,1,0
863,0,0,1,0,1
864,0,0,0,1,0
865,0,0,0,0,1
866,1,0,0,0,1
867,1,0,1,1,1
868,0,0,0,1,0
869,1,0,0,0,1
870,0,0,0,1,1
871,0,0,1,0,1
872,1,1,1,1,0
873,1,0,0,1,0
874,0,0,0,0,1
875,0,0,0,1,1
876,1,0,0,0,0
877,0,1,1,1,0
878,1,1,1,0,0
879,0,0,1,0,0
880,1,0,1,0,1
881,1,1,0,0,1
882,0,0,1,0,0
883,1,0,1,1,1
884,1,0,0,0,1
885,1,0,0,0,1
886,1,1,0,0,1
887,0,1,0,0,0
888,0,1,1,1,1
889,1,0,0,0,0
890,1,1,1,0,0
891,1,0,0,1,0
892,1,0,1,0,1
893,0,1,1,1,0
894,0,0,0,0,0
895,1,0,0,0,0
896,1,0,1,1,1
897,0,0,1,0,1
898,1,1,0,0,0
899,0,0,1,0,1
900,0,0,1,0,0
901,1,1,0,1,1
902,1,0,0,0,1
903,0,0,1,0,0
904,1,1,0,0,1
905,0,0,0,0,0
906,1,1,0,0,0
907,0,0,1,0,0
908,1,0,0,0,1
909,1,0,0,0,1
910,0,0,0,1,0
911,1,0,1,1,1
912,1,1,1,1,1
913,1,0,0,0,0
914,1,1,0,1,1
915,1,0,1,1,1
916,0,1,0,1,1
917,0,1,0,0,1
918,1,1,0,0,1
919,0,0,1,0,1
920,1,0,1,1,0
921,1,0,0,1,1
922,1,0,1,1,0
923,1,0,0,0,1
924,1,1,1,1,0
925,0,1,0,1,1
926,0,0,1,1,1
927,1,1,0,1,1
928,1,1,0,1,1
929,0,0,0,1,0
930,1,0,0,0,0
931,1,1,1,0,1
932,0,0,0,0,1
933,0,0,1,1,0
934,1,1,1,0,0
935,0,1,0,0,1
936,0,1,0,0,0
937,1,1,1,0,0
938,0,0,1,1,0
939,0,0,0,1,0
940,0,1,0,0,1
941,1,0,1,0,0
942,0,1,1,1,0
943,0,1,1,0,1
944,0,0,1,1,1
945,1,1,1,0,0
946,0,0,1,0,0
947,1,1,1,0,0
948,0,0,1,1,0
949,1,1,1,0,1
950,0,0,0,1,1
951,0,1,0,0,0
952,0,1,1,1,0
953,1,0,0,0,1
954,0,0,1,0,0
955,0,1,0,0,1
956,0,0,1,0,0
957,1,1,0,1,0
958,1,1,0,1,0
959,0,0,0,0,1
960,1,1,1,0,0
961,0,0,0,0,0
962,1,1,1,1,1
963,1,0,1,0,1
964,1,0,0,0,1
965,1,0,1,1,0
966,0,1,1,1,0
967,1,0,0,1,1
968,0,0,1,0,1
969,0,0,0,1,0
970,1,0,0,0,1
971,1,0,0,1,0
972,1,1,0,0,1
973,0,0,0,1,0
974,1,0,0,1,0
975,0,0,0,1,1
976,1,1,1,0,1
977,1,1,0,0,0
978,1,0,0,1,1
979,0,0,1,1,1
980,1,0,0,0,1
981,0,0,0,1,1
982,0,1,0,1,0
983,1,0,1,1,1
984,1,0,1,0,1
985,0,0,1,1,0
986,1,1,0,1,0
987,1,1,1,0,0
988,0,0,1,0,0
989,1,0,1,1,0
990,1,1,1,1,1
991,1,1,1,0,0
992,0,0,0,0,0
993,1,1,1,1,1
994,1,0,1,1,1
995,1,0,0,1,1
996,1,1,1,0,1
997,0,1,0,0,0
998,1,1,0,0,0
999,1,0,0,0,0
1000,0,0,1,1,1
1001,1,1,0,0,0
1002,0,1,0,1,1
1003,1,1,1,0,1
1004,0,1,1,1,0
1005,0,0,0,1,1
1006,0,1,0,1,1
1007,1,0,1,0,1
1008,0,0,1,1,0
1009,1,0,1,1,0
1010,1,0,1,1,1
1011,1,1,0,1,0
1012,1,1,0,1,1
1013,0,0,0,1,0
1014,1,0,1,1,1
1015,0,1,0,0,1
1016,0,1,1,1,1
1017,1,1,0,1,0
1018,1,0,0,1,1
1019,1,0,1,0,0
1020,1,0,0,1,0
1021,1,0,1,0,0
1022,1,1,1,1,0
1023,1,0,0,1,0
1024,1,0,1,1,0
1025,0,1,1,0,1
1026,0,0,0,0,0
1027,0,0,1,1,1
1028,1,1,1,0,1
1029,1,1,1,1,1
1030,0,0,0,0,1
1031,0,0,0,0,1
1032,0,0,1,1,1
1033,1,0,0,1,1
1034,0,0,0,1,1
1035,0,0,0,0,1
1036,0,0,0,0,0
1037,1,0,0,0,0
1038,0,0,0,0,0
1039,0,0,1,1,1
1040,0,1,1,0,0
1041,1,0,0,0,1
1042,1,0,1,1,0
1043,0,0,1,1,1
1044,1,0,0,1,1
1045,0,1,0,0,0
1046,0,0,1,1,0
1047,1,0,0,0,0
1048,1,0,0,0,0
1049,1,1,0,1,0
1050,1,0,1,0,1
1051,1,0,0,0,1
1052,0,1,1,0,1
1053,0,1,0,1,0
1054,1,0,1,1,1
1055,1,1,0,1,1
1056,0,1,0,1,1
1057,1,0,0,0,0
1058,0,0,0,1,0
1059,0,1,0,1,1
1060,1,1,1,1,1
1061,1,1,1,1,0
1062,0,1,1,1,1
1063,1,0,1,0,1
1064,1,1,0,0,1
1065,0,1,0,1,0
1066,0,0,1,0,1
1067,0,0,1,1,1
1068,0,0,1,0,0
1069,1,0,1,1,0
1070,1,0,0,1,0
1071,0,0,1,0,1
1072,1,1,1,1,0
1073,1,1,1,1,1
1074,0,1,1,1,0
1075,1,0,0,1,0
1076,0,0,0,1,1
1077,0,0,0,1,1
1078,0,1,1,0,0
1079,1,1,1,0,1
1080,1,0,0,1,1
1081,1,1,0,1,1
1082,1,0,1,0,1
1083,0,1,0,1,0
1084,1,0,0,1,1
1085,1,1,1,1,1
1086,0,1,1,0,1
1087,1,1,0,1,0
1088,0,0,1,0,1
1089,0,1,1,1,0
1090,1,0,0,1,0
1091,0,0,1,0,1
1092,1,0,1,0,0
1093,0,1,0,0,1
1094,1,1,0,1,0
1095,1,0,0,1,0
1096,1,1,0,0,0
1097,1,0,0,1,0
1098,0,1,0,1,0
1099,1,1,0,0,1
1100,1,1,1,1,0
1101,0,1,0,1,1
1102,0,1,0,0,0
1103,1,0,0,0,1
1104,1,0,1,1,1
1105,1,1,0,0,1
1106,1,0,0,1,1
1107,0,1,0,1,1
1108,1,0,1,0,1
1109,1,0,0,0,0
1110,0,1,1,1,1
1111,1,0,1,1,0
1112,1,1,0,1,0
1113,0,0,1,0,1
1114,0,1,0,1,1
1115,1,1,1,0,1
1116,1,1,0,1,1
1117,0,0,0,0,1
1118,0,0,0,0,1
1119,1,1,0,0,0
1120,1,0,1,1,0
1121,1,1,1,1,0
1122,1,1,0,1,1
1123,1,0,1,1,1
1124,0,0,1,0,0
1125,1,0,1,0,1
1126,1,1,0,0,0
1127,0,1,1,0,1
1128,1,0,0,1,1
1129,1,1,0,1,1
1130,0,0,1,0,0
1131,0,1,0,1,0
1132,0,1,0,0,0
1133,1,1,0,0,1
1134,1,1,0,0,0
1135,1,0,0,0,0
1136,1,0,1,1,0
1137,1,1,1,0,1
1138,0,0,1,1,0
1139,0,0,1,0,0
1140,0,0,1,1,1
1141,0,1,1,0,0
1142,0,0,0,0,1
1143,1,0,1,1,1
1144,0,0,0,1,0
1145,1,1,1,0,1
1146,0,1,1,0,1
1147,0,0,1,1,1
1148,0,0,1,1,1
1149,0,1,1,0,0
1150,1,0,0,1,1
1151,0,0,0,0,0
1152,1,0,1,0,0
1153,0,1,0,0,0
1154,0,1,1,1,0
1155,0,0,0,0,1
1156,0,0,1,0,0
1157,1,1,0,0,1
1158,0,1,0,0,1
1159,1,0,0,0,0
1160,1,1,1,0,0
1161,1,0,0,0,1
1162,1,0,1,0,1
1163,1,1,0,1,0
1164,1,1,0,0,1
1165,0,1,1,0,0
1166,1,1,1,1,1
1167,0,0,1,0,0
1168,0,0,0,1,1
1169,1,1,0,0,1
1170,0,0,0,0,1
1171,0,0,1,0,1
1172,1,1,0,1,0
1173,0,1,0,1,0
1174,1,0,0,0,0
1175,1,1,1,0,1
1176,0,1,0,0,1
1177,0,0,1,0,1
1178,0,0,0,1,0
1179,1,1,1,0,0
1180,1,1,1,0,1
1181,1,0,1,0,1
1182,0,1,1,1,1
1183,0,0,1,1,1
1184,1,1,0,0,0
1185,0,1,0,0,0
1186,1,1,1,0,1
1187,1,0,1,0,1
1188,1,0,0,0,0
1189,0,1,1,0,1
1190,1,1,0,0,0
1191,1,0,1,1,1
1192,1,0,0,0,1
1193,0,1,0,1,0
1194,1,0,1,1,1
1195,0,1,0,0,0
1196,0,0,1,1,1
1197,0,1,0,0,1
1198,1,0,1,0,1
1199,0,0,0,0,0
1200,0,1,0,0,1
1201,0,1,1,0,1
1202,1,1,0,0,0
1203,0,0,1,1,0
1204,1,0,1,1,0
1205,0,0,1,1,1
1206,0,0,1,0,1
1207,1,0,1,0,1
1208,0,0,0,0,0
1209,0,0,0,1,0
1210,1,1,1,1,0
1211,1,0,0,1,0
1212,0,0,0,1,0
1213,1,1,0,1,1
1214,1,0,0,1,1
1215,1,0,1,0,1
1216,0,0,0,1,0
1217,0,0,0,1,1
1218,0,0,1,1,1
1219,1,0,0,0,1
1220,0,1,0,1,1
1221,0,0,1,0,1
1222,0,0,0,1,1
1223,1,0,1,1,0
1224,0,1,0,0,1
1225,0,0,0,0,0
1226,1,1,1,0,1
1227,1,0,1,1,1
1228,1,0,0,0,1
1229,1,1,1,1,1
1230,1,0,1,0,1
1231,1,1,1,1,1
1232,0,1,0,0,0
1233,0,1,0,1,0
1234,1,1,1,0,0
1235,1,1,1,0,1
1236,0,0,1,0,1
1237,0,1,0,0,0
1238,0,0,1,0,1
1239,1,0,0,0,1
1240,0,0,0,1,1
1241,0,0,0,1,1
1242,0,0,1,0,0
1243,0,1,0,1,0
1244,1,0,1,0,1
1245,1,1,0,0,0
1246,1,1,1,1,0
1247,1,0,1,0,0
1248,1,0,1,1,1
1249,1,1,0,0,1
1250,1,1,0,0,0
1251,1,0,1,1,0
1252,0,1,1,1,0
1253,0,0,1,1,0
1254,1,0,1,1,0
1255,0,0,0,1,1
1256,1,0,0,0,1
1257,1,1,1,1,0
1258,1,0,1,1,0
1259,1,0,0,1,0
1260,0,0,0,1,0
1261,1,0,1,1,1
1262,1,1,0,1,1
1263,1,0,0,1,1
1264,1,1,1,1,0
1265,1,0,0,1,0
1266,0,1,1,1,1
1267,0,1,0,1,0
1268,1,1,0,0,0
1269,1,0,0,0,1
1270,1,1,1,0,1
1271,0,1,0,0,0
1272,1,0,1,1,0
1273,0,1,0,0,1
1274,1,1,1,1,0
1275,0,1,0,1,1
1276,0,1,0,0,0
1277,0,0,0,1,0
1278,1,1,0,0,1
1279,1,1,1,0,0
1280,1,1,0,0,0
1281,1,0,1,0,1
1282,0,1,1,0,0
1283,0,0,1,0,0
1284,1,1,0,0,1
1285,0,0,0,1,1
1286,1,0,1,1,1
1287,1,1,0,1,0
1288,1,1,0,1,0
1289,0,0,1,1,1
1290,0,0,1,1,0
1291,1,1,0,0,0
1292,1,0,1,1,0
1293,1,0,1,1,0
1294,1,1,0,0,1
1295,1,1,1,0,0
1296,0,0,1,0,1
1297,1,0,0,1,1
1298,0,1,1,0,0
1299,0,0,0,0,0
1300,1,0,1,1,0
1301,1,0,0,0,0
1302,1,0,0,0,0
1303,1,0,1,0,1
1304,0,0,1,1,1
1305,1,1,1,1,1
1306,0,1,0,1,1
1307,1,0,0,0,0
1308,0,0,0,1,1
1309,1,0,1,0,0
1310,1,0,0,0,0
1311,0,1,0,0,0
1312,0,0,0,1,1
1313,1,0,0,0,1
1314,1,0,0,1,0
1315,0,0,1,1,1
1316,0,1,1,0,1
1317,1,0,1,1,0
1318,0,0,1,0,1
1319,1,0,0,0,1
1320,1,1,0,1,1
1321,1,1,0,0,0
1322,1,1,0,1,0
1323,1,1,1,0,1
1324,1,1,1,0,1
1325,1,1,1,1,1
1326,1,1,1,1,1
1327,1,0,1,0,0
1328,0,0,0,1,0
1329,0,1,0,1,1
1330,1,0,1,1,1
1331,1,0,0,0,0
1332,0,1,1,0,1
1333,0,0,0,0,1
1334,0,0,1,0,1
1335,1,0,1,0,1
1336,1,0,1,1,0
1337,0,0,1,1,0
1338,0,0,0,0,1
1339,1,0,1,0,0
1340,0,1,0,1,1
1341,0,1,0,0,0
1342,1,1,1,1,0
1343,0,0,1,0,1
1344,1,1,1,0,0
1345,0,0,0,1,1
1346,0,1,0,0,0
1347,1,0,0,0,0
1348,0,0,0,1,0
1349,1,1,0,1,0
1350,0,0,1,1,1
1351,0,0,1,0,0
1352,0,1,1,1,1
1353,0,0,1,1,1
1354,0,1,1,0,1
1355,0,0,0,1,0
1356,0,0,1,0,1
1357,1,0,1,1,0
1358,1,1,0,0,1
1359,1,0,0,1,1
1360,0,0,0,0,1
1361,1,1,1,1,1
1362,0,1,1,1,0
1363,0,1,1,1,0
1364,1,0,0,0,1
1365,0,1,1,1,0
1366,0,1,1,0,1
1367,1,0,0,1,1
1368,1,0,1,0,1
1369,1,0,1,0,0
1370,0,1,1,0,0
1371,0,0,1,0,1
1372,1,0,1,1,1
1373,1,1,0,0,1
1374,1,0,0,1,0
1375,1,0,0,0,0
1376,0,1,0,0,0
1377,0,1,1,0,1
1378,0,1,1,0,1
1379,1,1,0,1,1
1380,1,1,0,0,1
1381,0,1,0,0,1
1382,1,0,0,0,0
1383,1,0,1,0,1
1384,0,1,1,1,0
1385,0,0,0,0,1
1386,0,0,0,0,1
1387,0,0,1,1,1
1388,1,1,1,0,1
1389,1,0,1,1,0
1390,1,1,1,1,1
1391,0,1,1,0,1
1392,0,1,0,1,1
1393,0,0,1,1,1
1394,0,0,1,1,0
1395,1,0,1,0,0
1396,0,0,0,1,1
1397,1,1,0,0,0
1398,1,0,0,0,0
1399,1,1,1,0,0
1400,0,1,1,1,0
1401,0,1,1,1,1
1402,1,0,1,0,0
1403,1,0,1,1,1
1404,1,1,0,1,1
1405,1,0,0,1,1
1406,1,1,0,1,0
1407,1,1,1,1,1
1408,0,1,0,1,1
1409,0,0,1,1,0
1410,1,1,1,0,1
1411,1,1,1,0,1
1412,1,1,1,0,1
1413,1,0,1,1,1
1414,0,0,1,0,0
1415,1,0,0,0,1
1416,0,0,1,1,1
1417,1,0,1,0,1
1418,1,1,1,0,1
1419,0,0,0,1,1
1420,0,0,1,1,0
1421,1,0,1,1,0
1422,1,0,0,1,1
1423,0,1,0,1,0
1424,0,0,0,0,0
1425,1,0,1,1,1
1426,0,1,1,1,0
1427,0,1,0,0,0
1428,0,0,0,0,1
1429,0,1,1,0,1
1430,0,0,0,0,1
1431,1,0,0,1,1
1432,0,1,0,0,0
1433,1,0,1,0,1
1434,0,1,0,0,1
1435,0,1,0,0,1
1436,1,0,1,1,0
1437,0,1,1,1,1
1438,0,1,1,1,0
1439,1,1,0,1,0
1440,1,1,0,0,0
1441,1,1,0,1,1
1442,1,1,1,1,1
1443,1,0,1,1,1
1444,1,1,0,0,1
1445,0,1,0,1,0
1446,0,1,1,0,0
1447,0,1,1,1,0
1448,1,0,1,0,0
1449,1,1,0,1,0
1450,1,1,0,1,1
1451,0,0,1,0,1
1452,1,1,0,0,0
1453,0,1,0,1,1
1454,0,1,0,0,0
1455,1,0,0,1,1
1456,0,0,1,1,0
1457,1,0,1,0,1
1458,0,1,1,0,1
1459,0,1,1,1,0
1460,0,1,0,1,1
1461,1,0,1,0,1
1462,1,1,0,0,1
1463,0,1,0,1,1
1464,0,1,1,0,0
1465,1,1,1,0,1
1466,1,1,1,0,1
1467,1,0,1,0,0
1468,0,1,1,0,1
1469,1,1,0,0,1
1470,1,1,1,1,1
1471,0,1,1,1,1
1472,0,1,1,1,0
1473,1,0,0,0,0
1474,1,0,0,1,1
1475,0,0,0,1,1
1476,0,1,0,1,1
1477,0,0,0,0,1
1478,1,0,1,1,1
1479,1,1,0,1,0
1480,1,0,0,0,0
1481,0,0,0,1,1
1482,0,1,0,0,1
1483,1,1,0,0,0
1484,0,1,1,0,1
1485,0,0,0,0,0
1486,1,0,0,1,0
1487,0,0,1,1,0
1488,1,0,0,1,1
1489,1,1,1,1,0
1490,0,0,0,1,0
1491,0,1,1,1,1
1492,0,1,1,0,1
1493,0,1,0,0,0
1494,0,1,0,0,1
1495,0,1,1,1,1
1496,1,0,1,1,0
1497,0,1,0,0,0
1498,0,0,0,1,0
1499,1,1,0,1,0
1500,0,0,0,1,0
1501,1,0,1,1,0
1502,0,0,1,0,0
1503,0,1,1,1,0
1504,1,0,0,1,0
1505,1,0,1,0,0
1506,1,0,1,0,1
1507,1,0,1,0,0
1508,0,0,1,1,0
1509,1,0,0,1,1
1510,1,0,1,1,0
1511,0,0,0,1,1
1512,0,0,1,0,1
1513,0,0,0,0,1
1514,1,0,0,1,1
1515,0,1,1,0,0
1516,1,0,0,0,0
1517,0,1,0,0,0
1518,0,1,1,1,0
1519,1,0,0,1,0
1520,0,1,0,0,0
1521,1,1,0,0,0
1522,1,0,1,0,0
1523,0,1,0,1,1
1524,0,0,1,0,0
1525,1,0,1,0,0
1526,1,1,0,0,1
1527,0,1,0,1,0
1528,0,0,1,0,0
1529,1,0,1,0,1
1530,1,1,1,1,1
1531,0,0,1,1,1
1532,0,1,0,1,1
1533,0,1,0,1,0
1534,0,1,0,0,1
1535,0,1,0,0,0
1536,1,0,0,1,0
1537,0,1,0,1,0
1538,0,0,1,0,0
1539,0,1,0,0,1
1540,1,0,0,1,0
1541,0,1,0,0,0
1542,1,0,0,1,1
1543,1,1,1,1,0
1544,0,1,0,1,1
1545,1,1,1,1,1
1546,1,1,1,1,0
1547,1,0,0,0,0
1548,1,0,0,0,1
1549,1,0,0,1,1
1550,0,0,0,0,1
1551,1,1,0,1,0
1552,1,1,0,1,0
1553,1,0,1,0,1
1554,1,0,1,0,0
1555,0,1,1,0,1
1556,0,1,0,1,0
1557,1,1,0,0,1
1558,1,1,0,0,0
1559,1,1,1,1,1
1560,0,0,1,1,0
1561,1,0,0,1,0
1562,0,1,1,0,0
1563,1,1,1,1,0
1564,1,0,0,1,1
1565,0,0,1,0,0
1566,1,0,0,0,0
1567,0,1,0,1,1
1568,0,0,1,0,1
1569,1,0,0,1,1
1570,0,1,0,1,1
1571,0,0,1,1,0
1572,1,0,0,0,0
1573,1,0,0,1,0
1574,1,1,1,0,1
1575,0,0,0,1,0
1576,0,0,0,0,0
1577,0,0,0,1,0
1578,1,0,1,0,0
1579,0,1,1,1,1
1580,1,1,0,1,0
1581,1,0,1,0,1
1582,1,1,1,0,1
1583,0,0,0,0,0
1584,0,1,0,0,1
1585,0,0,0,1,0
1586,0,1,0,1,1
1587,0,1,0,0,1
1588,1,0,0,1,0
1589,1,1,0,0,0
1590,0,0,0,1,1
1591,1,0,0,1,0
1592,0,1,0,1,1
1593,0,0,0,0,1
1594,0,1,0,1,0
1595,0,0,1,0,0
1596,1,0,1,0,1
1597,1,0,0,1,0
1598,1,1,0,0,0
1599,0,0,1,0,0
1600,0,1,0,0,0
1601,0,1,0,1,1
1602,1,0,1,1,0
1603,0,1,0,0,0
1604,1,0,1,0,0
1605,1,1,0,0,0
1606,1,1,1,0,0
1607,0,1,1,0,0
1608,0,1,1,0,0
1609,0,0,0,1,0
1610,1,1,0,1,1
1611,0,1,1,1,1
1612,1,1,1,0,1
1613,1,1,1,0,0
1614,1,0,0,1,1
1615,0,1,1,1,1
1616,0,1,1,0,1
1617,1,0,1,0,1
1618,1,0,0,0,1
1619,1,1,1,0,1
1620,0,0,1,0,0
1621,0,0,1,0,1
1622,1,0,1,0,1
1623,0,1,0,0,1
1624,1,0,1,0,0
1625,0,1,1,1,1
1626,0,1,1,0,1
1627,0,0,1,1,1
1628,1,1,1,1,0
1629,0,0,0,1,0
1630,0,1,0,1,0
1631,0,1,1,0,1
1632,0,1,1,0,1
1633,0,1,0,1,1
1634,1,0,0,1,1
1635,1,1,0,0,1
1636,0,0,0,1,1
1637,1,0,1,1,1
1638,0,1,1,1,0
1639,0,1,0,1,0
1640,0,1,1,0,0
1641,1,1,0,1,0
1642,0,0,0,0,1
1643,0,0,1,1,0
1644,1,0,1,0,0
1645,1,1,0,0,1
1646,0,1,1,0,0
1647,1,1,0,0,0
1648,0,1,0,1,1
1649,0,0,0,1,0
1650,1,0,1,1,1
1651,1,0,0,1,1
1652,0,0,0,1,1
1653,0,1,0,0,1
1654,1,1,1,1,0
1655,1,0,1,1,0
1656,1,1,0,1,0
1657,0,1,1,1,1
1658,0,1,1,1,1
1659,0,0,0,0,1
1660,0,0,1,1,0
1661,0,0,0,1,0
1662,1,1,0,0,0
1663,1,0,0,1,1
1664,1,1,0,0,0
1665,0,0,0,0,0
1666,0,1,1,1,0
1667,1,1,1,1,1
1668,1,0,0,0,1
1669,1,1,0,1,0
1670,0,1,0,0,1
1671,0,1,0,0,1
1672,1,0,0,0,1
1673,1,1,0,0,0
1674,1,0,1,1,0
1675,0,0,1,1,1
1676,1,1,0,1,0
1677,0,0,0,0,0
1678,0,1,0,1,1
1679,1,0,1,0,0
1680,1,0,1,0,1
1681,1,1,1,1,0
1682,0,0,1,1,0
1683,1,1,1,1,0
1684,0,0,1,0,1
1685,0,0,1,0,0
1686,1,0,1,1,1
1687,1,0,1,0,0
1688,1,0,0,0,0
1689,0,1,0,0,0
1690,0,1,1,1,1
1691,0,1,1,0,0
1692,1,0,1,0,1
1693,0,1,1,0,0
1694,0,0,1,0,1
1695,1,1,1,0,1
1696,1,0,0,1,0
1697,1,1,1,0,1
1698,0,1,1,0,0
1699,1,0,0,0,1
1700,0,1,0,1,0
1701,0,0,0,0,0
1702,0,0,1,0,0
1703,1,1,0,0,1
1704,0,0,0,0,0
1705,0,1,1,0,1
1706,0,1,1,1,0
1707,0,0,1,0,0
1708,1,0,1,1,1
1709,1,1,0,1,0
1710,1,0,1,1,1
1711,0,0,0,0,0
1712,0,1,0,0,1
1713,0,1,1,0,1
1714,1,0,1,1,0
1715,1,1,0,0,1
1716,0,0,0,0,0
1717,1,1,0,1,1
1718,1,1,0,1,1
1719,0,0,0,0,0
1720,0,1,1,0,0
1721,1,0,1,0,1
1722,1,1,0,0,0
1723,0,0,0,1,1
1724,1,0,0,1,1
1725,0,1,0,0,1
1726,1,1,1,1,1
1727,1,0,0,1,1
1728,1,0,1,0,0
1729,0,0,0,0,1
1730,0,1,0,0,1
1731,1,0,0,0,1
1732,1,0,1,0,0
1733,1,1,0,1,1
1734,0,0,0,0,0
1735,0,0,1,1,0
1736,1,1,0,0,0
1737,0,0,0,0,0
1738,1,0,0,1,0
1739,0,0,1,1,1
1740,1,1,1,1,0
1741,0,1,0,1,1
1742,1,0,0,0,0
1743,1,1,0,0,0
1744,0,0,1,1,1
1745,1,1,0,1,1
1746,1,0,1,0,1
1747,0,0,0,1,0
1748,0,0,1,1,0
1749,0,1,1,0,1
1750,1,0,0,0,0
1751,0,1,1,1,1
1752,1,0,0,1,0
1753,0,1,0,0,0
1754,1,0,1,0,1
1755,1,0,0,1,1
1756,1,1,1,0,1
1757,1,1,1,0,0
1758,0,0,0,0,0
1759,1,1,0,0,1
1760,1,1,0,1,1
1761,1,0,1,1,1
1762,1,0,1,0,1
1763,1,1,0,1,0
1764,0,0,0,1,1
1765,1,1,1,1,1
1766,0,0,1,1,1
1767,0,0,0,1,1
1768,0,0,1,1,0
1769,0,1,1,0,0
1770,0,1,1,1,1
1771,0,0,1,1,1
1772,1,1,0,1,1
1773,1,1,1,0,0
1774,0,1,1,0,0
1775,1,0,1,0,1
1776,0,0,0,1,1
1777,1,0,1,1,1
1778,0,0,0,1,0
1779,1,1,0,1,0
1780,0,0,1,0,0
1781,1,0,1,1,0
1782,0,0,0,1,1
1783,0,0,1,1,1
1784,0,1,1,1,0
1785,0,0,0,1,1
1786,0,1,1,1,1
1787,0,1,1,1,0
1788,0,1,0,0,0
1789,0,0,0,1,0
1790,0,1,1,1,1
1791,0,1,0,1,0
1792,1,1,1,1,1
1793,1,1,1,0,0
1794,0,0,0,0,0
1795,0,1,0,1,1
1796,0,0,1,0,1
1797,0,1,0,1,0
1798,1,0,1,0,1
1799,0,0,0,1,0
1800,0,0,1,1,1
1801,0,1,0,0,1
1802,1,0,1,1,0
1803,1,1,1,1,0
1804,0,0,1,1,0
1805,1,0,1,1,0
1806,1,1,0,1,1
1807,1,1,1,0,0
1808,0,1,1,0,1
1809,1,0,1,1,1
1810,1,0,0,0,1
1811,0,0,0,1,0
1812,1,1,1,0,0
1813,0,1,1,0,0
1814,0,0,1,0,1
1815,0,0,1,0,0
1816,1,0,0,1,0
1817,0,1,0,0,0
1818,1,1,1,1,0
1819,1,1,1,0,1
1820,0,1,0,0,1
1821,1,0,0,1,1
1822,0,1,1,0,0
1823,0,0,1,0,0
1824,0,0,0,0,0
1825,0,0,1,0,1
1826,0,1,1,1,1
1827,0,1,0,1,1
1828,1,1,0,1,1
1829,1,0,1,0,0
1830,0,0,1,1,1
1831,1,0,0,0,1
1832,1,0,1,1,1
1833,1,1,0,0,0
1834,0,0,0,0,1
1835,0,0,1,1,1
1836,1,0,0,1,0
1837,1,1,0,1,0
1838,0,0,1,1,0
1839,1,1,1,1,0
1840,1,0,0,1,1
1841,1,0,1,0,1
1842,0,0,1,0,1
1843,0,1,0,0,1
1844,1,1,1,1,0
1845,0,1,1,1,0
1846,1,1,1,0,1
1847,0,1,1,1,1
1848,1,1,1,1,0
1849,0,1,0,0,0
1850,0,1,1,1,0
1851,1,1,0,0,1
1852,0,1,0,1,0
1853,1,0,0,1,1
1854,1,0,1,0,0
1855,1,0,1,1,0
1856,1,1,0,1,1
1857,1,0,0,1,1
1858,1,1,1,1,0
1859,1,1,1,0,1
1860,1,1,1,0,1
1861,0,0,0,0,0
1862,1,1,1,0,1
1863,0,0,1,1,1
1864,1,1,1,1,1
1865,1,0,0,1,0
1866,1,0,1,1,0
1867,1,1,1,1,1
1868,0,0,1,0,0
1869,0,0,0,1,1
1870,0,1,1,1,0
1871,1,1,1,1,1
1872,0,0,1,1,0
1873,0,1,1,1,0
1874,1,1,0,1,0
1875,0,0,0,1,1
1876,1,0,1,0,0
1877,0,1,1,0,1
1878,0,0,1,1,0
1879,0,0,1,1,1
1880,0,0,0,0,0
1881,1,1,1,0,1
1882,0,1,1,0,1
1883,1,0,1,0,1
1884,0,1,0,1,1
1885,0,0,1,1,0
1886,1,1,1,0,0
1887,1,1,1,1,0
1888,0,1,0,0,1
1889,1,0,0,1,1
1890,1,0,0,1,1
1891,1,1,0,1,0
1892,1,0,1,1,1
1893,1,1,0,0,0
1894,0,1,1,0,0
1895,1,0,0,1,0
1896,1,0,0,1,1
1897,1,1,1,1,1
1898,0,1,0,0,1
1899,0,1,0,0,0
1900,1,1,0,1,1
1901,0,1,1,0,1
1902,0,1,1,0,0
1903,0,0,0,0,1
1904,1,1,0,1,1
1905,1,0,1,1,1
1906,0,1,1,0,1
1907,1,0,1,0,0
1908,0,1,1,0,1
1909,1,1,1,0,0
1910,1,0,1,1,0
1911,0,1,1,0,0
1912,0,0,1,1,1
1913,0,1,0,0,0
1914,0,0,0,0,1
1915,0,1,1,0,1
1916,0,1,0,1,0
1917,0,0,1,1,1
1918,0,0,0,0,1
1919,1,0,0,0,1
1920,0,1,1,1,0
1921,0,0,0,1,0
1922,1,0,1,1,0
1923,0,0,1,0,1
1924,1,0,0,1,1
1925,1,0,0,1,1
1926,0,1,1,0,0
1927,1,1,1,0,1
1928,0,1,1,0,0
1929,1,1,1,0,1
1930,1,1,1,1,0
1931,0,1,0,1,1
1932,0,1,1,0,1
1933,1,1,0,0,0
1934,0,1,1,0,0
1935,1,0,0,0,1
1936,1,0,1,1,0
1937,1,0,1,1,1
1938,0,1,1,0,1
1939,1,1,0,0,1
1940,1,0,0,1,0
1941,0,1,1,1,1
1942,0,0,0,1,0
1943,1,0,1,1,0
1944,0,0,0,0,0
1945,1,0,1,1,0
1946,0,1,0,0,0
1947,0,0,1,1,1
1948,0,0,0,0,1
1949,0,0,0,1,1
1950,1,1,0,1,0
1951,1,1,1,1,0
1952,1,0,0,0,1
1953,0,1,0,0,0
1954,1,1,1,0,1
1955,0,1,0,0,0
1956,1,1,1,0,1
1957,1,1,0,1,1
1958,0,1,1,1,1
1959,0,0,1,1,0
1960,0,0,1,0,0
1961,1,1,0,1,1
1962,0,1,1,0,1
1963,0,0,1,1,1
1964,1,1,1,1,0
1965,0,1,1,1,0
1966,0,0,0,0,0
1967,0,0,0,1,0
1968,0,0,0,1,1
1969,0,1,1,1,0
1970,0,1,1,1,0
1971,0,1,0,1,1
1972,1,0,1,0,0
1973,0,0,0,1,0
1974,1,0,0,1,1
1975,1,0,1,0,1
1976,1,1,0,1,1
1977,0,1,1,1,1
1978,0,1,1,1,1
1979,0,0,0,0,1
1980,1,0,0,1,0
1981,1,0,0,0,0
1982,1,1,1,0,0
1983,1,1,1,0,0
1984,1,0,1,0,1
1985,1,0,0,1,0
1986,1,0,1,0,0
1987,1,1,0,0,0
1988,0,1,0,1,0
1989,1,1,0,1,0
1990,0,0,1,0,1
1991,0,0,1,1,0
1992,0,0,1,0,0
1993,0,0,0,0,1
1994,1,0,1,0,0
1995,1,1,0,1,1
1996,1,0,1,0,1
1997,0,1,0,1,0
1998,0,0,0,1,1
1999,0,1,1,1,0
2000,1,0,1,1,0
2001,0,0,0,1,1
2002,0,0,0,0,0
2003,1,0,0,1,0
2004,0,1,0,0,1
2005,1,0,1,1,1
2006,1,0,0,1,1
2007,0,1,0,1,1
2008,1,0,0,0,1
2009,1,1,0,0,0
2010,1,0,1,0,1
2011,0,0,0,1,1
2012,0,0,0,1,0
2013,1,1,0,0,1
2014,0,1,1,1,0
2015,1,0,0,0,1
2016,0,0,1,0,1
2017,0,1,1,0,1
2018,0,0,0,0,0
2019,1,0,1,0,1
2020,0,0,1,1,0
2021,0,1,0,1,1
2022,1,1,1,0,1
2023,1,0,1,1,1
2024,1,1,1,0,1
2025,1,1,1,0,0
2026,0,1,1,1,1
2027,1,0,0,1,0
2028,1,0,1,1,0
2029,1,1,0,1,0
2030,1,1,0,1,1
2031,1,0,0,1,1
2032,0,1,1,0,1
2033,0,1,0,0,0
2034,0,1,0,0,1
2035,1,0,0,1,0
2036,0,1,1,1,0
2037,1,1,1,1,0
2038,0,1,1,0,0
2039,0,1,1,0,0
2040,1,1,1,0,1
2041,1,1,1,1,0
2042,0,0,0,0,1
2043,0,0,0,0,1
2044,0,0,0,1,1
2045,0,1,0,1,0
2046,1,0,1,1,1
2047,0,1,0,1,1
2048,1,0,1,1,0
2049,0,1,1,0,1
2050,0,1,1,0,1
2051,1,1,1,1,0
2052,0,0,1,0,1
2053,1,1,0,0,1
2054,0,1,0,1,1
2055,0,1,0,1,0
2056,0,0,1,0,1
2057,1,0,1,0,1
2058,1,0,0,1,1
2059,0,0,1,0,1
2060,1,0,0,0,0
2061,0,1,1,0,1
2062,0,1,1,0,1
2063,1,0,0,0,1
2064,0,1,0,1,1
2065,0,0,0,1,0
2066,1,1,0,0,1
2067,0,1,1,1,1
2068,1,1,1,0,1
2069,1,0,0,0,1
2070,0,1,1,1,1
2071,0,1,1,0,1
2072,0,0,1,0,0
2073,1,0,1,1,0
2074,1,0,1,1,0
2075,0,0,0,1,1
2076,1,0,0,0,0
2077,0,1,0,1,0
2078,1,1,1,1,0
2079,1,0,1,1,1
2080,1,0,1,0,1
2081,1,0,1,0,0
2082,1,0,1,1,0
2083,0,0,1,1,0
2084,0,0,1,0,1
2085,0,1,1,1,1
2086,0,0,1,1,1
2087,0,0,0,0,1
2088,1,0,1,0,0
2089,1,0,1,0,1
2090,1,0,0,0,1
2091,0,0,0,0,0
2092,0,0,0,0,1
2093,0,0,0,1,0
2094,0,0,0,1,1
2095,1,0,1,1,1
2096,0,0,1,0,1
2097,0,0,0,1,1
2098,1,1,1,1,1
2099,1,1,0,1,1
2100,1,0,0,1,1
2101,1,0,1,1,0
2102,0,1,1,0,1
2103,0,0,1,1,1
2104,1,1,0,0,1
2105,0,0,1,0,0
2106,0,1,0,1,1
2107,0,0,1,0,0
2108,1,1,0,0,0
2109,0,0,1,1,1
2110,1,1,1,0,0
2111,0,0,0,0,0
2112,1,0,0,1,1
2113,0,1,0,0,1
2114,0,0,0,1,1
2115,0,0,0,0,1
2116,0,0,1,0,1
2117,0,1,1,1,1
2118,0,1,0,0,1
2119,0,1,0,1,0
2120,0,0,0,0,0
2121,0,0,1,0,0
2122,1,1,1,0,1
2123,0,0,0,1,0
2124,1,1,0,0,1
2125,1,1,1,1,0
2126,1,1,0,1,1
2127,1,0,1,1,1
2128,0,1,0,0,1
2129,0,1,1,1,0
2130,1,0,1,1,1
2131,0,1,1,0,0
2132,0,0,1,0,1
2133,1,0,0,1,0
2134,1,0,1,1,1
2135,1,0,0,0,0
2136,0,0,0,0,0
2137,0,1,0,1,0
2138,1,0,1,1,1
2139,0,0,1,0,1
2140,1,0,0,0,0
2141,0,0,1,1,0
2142,1,0,1,1,1
2143,0,1,1,0,0
2144,1,0,0,1,0
2145,0,1,0,0,1
2146,0,0,0,0,0
2147,0,0,0,1,0
2148,1,1,0,1,1
2149,1,1,1,0,1
2150,0,1,0,1,0
2151,1,1,1,1,1
2152,1,1,1,1,1
2153,0,0,1,1,1
2154,1,0,1,0,1
2155,0,0,1,0,0
2156,1,0,1,0,0
2157,0,1,0,0,0
2158,0,1,1,0,0
2159,1,1,0,0,0
2160,0,0,0,1,0
2161,0,1,0,0,1
2162,0,0,1,0,0
2163,1,1,0,1,0
2164,1,0,1,0,0
2165,0,0,0,1,0
2166,1,0,1,0,1
2167,0,1,1,0,1
2168,0,1,1,0,1
2169,1,0,0,1,1
2170,1,1,0,0,1
2171,1,1,0,1,0
2172,1,1,0,0,0
2173,0,0,0,1,0
2174,1,0,0,0,0
2175,0,0,0,1,0
2176,1,0,1,0,1
2177,1,0,1,1,0
2178,0,0,1,0,0
2179,1,1,1,0,0
2180,1,0,1,1,1
2181,0,1,0,1,0
2182,1,1,0,0,1
2183,0,0,1,1,0
2184,1,1,0,0,1
2185,1,0,1,1,1
2186,0,0,0,1,1
2187,1,1,0,1,0
2188,0,0,1,0,0
2189,0,1,0,1,1
2190,0,0,0,0,1
2191,0,1,1,1,0
2192,1,1,1,0,1
2193,1,1,0,1,1
2194,1,1,0,0,0
2195,0,1,1,1,0
2196,0,1,0,1,1
2197,1,0,1,1,0
2198,1,0,1,0,1
2199,0,0,1,0,0
2200,1,0,0,1,0
2201,0,1,1,1,0
2202,0,1,1,1,0
2203,0,0,0,0,0
2204,0,1,0,1,1
2205,0,0,0,0,0
2206,0,1,0,1,1
2207,0,1,1,1,1
2208,1,1,1,1,1
2209,0,1,1,1,1
2210,1,0,1,0,1
2211,0,0,1,0,1
2212,1,1,1,1,0
2213,0,0,1,0,0
2214,1,0,0,0,0
2215,1,1,0,0,1
2216,0,0,1,0,0
2217,1,0,1,0,0
2218,1,1,0,0,1
2219,1,1,0,1,1
2220,1,0,1,1,1
2221,0,1,1,0,0
2222,1,1,0,1,0
2223,0,1,0,0,1
2224,0,0,1,0,0
2225,1,1,0,1,1
2226,0,0,1,0,0
2227,1,0,0,1,0
2228,0,1,1,0,0
2229,0,1,0,0,1
2230,0,1,1,1,0
2231,0,0,0,1,0
2232,0,0,0,1,1
2233,0,1,0,1,1
2234,0,1,0,1,1
2235,1,0,0,1,0
2236,0,1,1,0,1
2237,0,1,0,0,1
2238,0,0,0,0,1
2239,0,1,1,0,1
2240,0,0,1,1,1
2241,0,1,0,1,1
2242,1,1,1,1,0
2243,0,0,1,1,0
2244,1,1,1,1,0
2245,1,1,1,0,1
2246,0,0,1,1,1
2247,0,0,0,1,0
2248,0,0,1,0,0
2249,1,1,1,0,0
2250,1,0,0,1,0
2251,0,0,0,1,1
2252,0,1,1,0,0
2253,0,1,0,1,0
2254,0,1,1,1,1
2255,1,1,1,1,1
2256,1,0,1,1,1
2257,0,0,0,0,1
2258,0,0,1,0,0
2259,1,1,1,0,1
2260,1,1,1,0,1
2261,1,1,1,0,0
2262,0,0,0,1,0
2263,0,1,1,1,1
2264,1,1,1,0,0
2265,0,1,1,0,1
2266,1,1,0,0,1
2267,0,1,0,0,1
2268,0,0,1,1,0
2269,0,0,0,0,0
2270,1,1,1,1,0
2271,0,0,1,1,0
2272,1,0,1,0,0
2273,0,0,0,1,0
2274,1,0,0,0,0
2275,0,1,0,1,1
2276,1,0,1,0,1
2277,0,1,0,1,0
2278,0,1,1,1,0
2279,0,0,0,1,0
2280,1,0,1,0,1
2281,0,0,1,0,0
2282,0,0,1,1,0
2283,0,1,1,1,1
2284,0,1,1,0,1
2285,0,0,1,1,0
2286,1,0,0,0,1
2287,1,1,1,1,1
2288,1,1,1,1,1
2289,1,0,1,1,1
2290,1,0,0,1,0
2291,1,1,1,1,1
2292,1,1,1,1,0
2293,1,1,0,1,1
2294,0,1,0,0,1
2295,1,0,0,0,0
2296,0,0,0,1,0
2297,1,1,1,1,1
2298,0,0,1,0,1
2299,0,0,0,0,1
2300,0,1,0,1,0
2301,0,0,0,1,0
2302,0,0,0,1,0
2303,1,0,0,0,0
2304,0,1,0,0,1
2305,1,0,1,1,1
2306,1,0,1,0,1
2307,0,0,0,1,1
2308,0,0,1,1,0
2309,1,1,0,1,1
2310,0,1,0,0,1
2311,0,0,0,1,1
2312,0,0,0,1,1
2313,1,1,1,0,1
2314,1,1,0,1,0
2315,0,1,0,0,0
2316,0,1,1,1,0
2317,0,0,1,1,1
2318,1,1,1,1,0
2319,1,1,0,0,0
2320,0,1,0,0,0
2321,0,0,0,1,1
2322,0,1,1,0,0
2323,1,1,0,0,0
2324,1,1,1,1,0
2325,1,1,0,0,0
2326,0,1,0,0,0
2327,1,1,0,0,1
2328,0,0,0,1,0
2329,1,1,0,0,0
2330,0,0,0,1,0
2331,0,0,1,0,0
2332,1,1,1,0,1
2333,1,0,0,1,0
2334,1,0,0,0,1
2335,1,0,1,0,1
2336,0,1,0,1,0
2337,1,0,1,1,0
2338,0,1,1,1,1
2339,1,0,1,0,0
2340,0,0,1,1,1
2341,0,1,0,1,1
2342,1,0,1,1,1
2343,1,1,1,0,1
2344,0,1,0,0,1
2345,1,1,1,1,0
2346,0,0,0,1,1
2347,0,0,1,0,1
2348,0,1,0,1,1
2349,1,1,1,1,1
2350,1,0,0,1,1
2351,0,0,0,0,1
2352,0,0,1,1,1
2353,1,0,0,1,0
2354,1,1,0,0,1
2355,0,0,1,0,0
2356,1,0,1,0,0
2357,1,1,1,0,1
2358,0,0,1,0,1
2359,0,0,1,1,1
2360,1,0,1,0,0
2361,0,1,1,1,0
2362,0,0,0,1,1
2363,0,1,0,1,0
2364,0,0,0,1,0
2365,0,0,0,0,0
2366,0,1,0,0,0
2367,1,0,0,1,1
2368,0,1,1,1,1
2369,1,0,1,0,0
2370,0,1,0,1,1
2371,0,1,1,1,0
2372,0,0,0,0,0
2373,0,1,1,1,1
2374,1,0,1,0,0
2375,0,0,1,1,0
2376,0,1,1,1,1
2377,1,0,0,0,0
2378,1,0,1,0,0
2379,0,0,0,1,0
2380,1,0,1,0,1
2381,1,1,0,0,1
2382,0,0,1,1,1
2383,1,0,1,0,1
2384,0,0,0,0,1
2385,1,1,0,0,1
